<!doctype html>

<html data-ytrk-page="ERROR" lang="en" class="error-desktop ui-unknown0 ui-unknown">

<head prefix="og: https://ogp.me/ns# fb: https://ogp.me/ns/fb#">

    <meta charset="utf-8">
    <meta http-equiv="Content-Type" content="text/html; charset=UTF-8" />
    <meta name="viewport" content="width=device-width, initial-scale=1.0" />

    <meta property="fb:pages" content="74442380906" />

	<link rel="dns-prefetch" href="https://cdn.britannica.com/mendel-resources/3-72">
	<link rel="preconnect" href="https://cdn.britannica.com/mendel-resources/3-72">

    <meta name="description" content="Explore the fact-checked online encyclopedia from Encyclopaedia Britannica with hundreds of thousands of objective articles, biographies, videos, and images from experts."/>
		<meta name="keywords" content="britannica, reference, online, encyclopedia, encyclopaedia, store, dictionary, thesaurus" />

    <link rel="canonical" href="https://www.britannica.com/error404" />
    <title>Britannica</title>
		<script type="text/javascript" data-type="Init Mendel">

    window.$UI = {};

    window.Constants = {"LICENSE_URL": "/bps/license","DEFAULT_TEST_VERSION": "A","AJAX_PREFIX_URL": "/ajax","TOPIC_BROWSE_URL": "/topic-browse","MARKETING_CONTENT": "/marketing-content","DEFAULT_STATE": "XX","QUIZ_URL": "/quiz","ENV_RUNTIME": "runtime","SPOTLIGHT_BROWSE_URL": "/stories/spotlight","USER_PROFILE_PARTNER_LOGO_URL": "/image/profile-partner","GALLERY_URL": "/gallery","CONTENT_TYPE_TEXT": "text/plain;charset=UTF-8","CONTENT_TYPE_HTML": "text/html;charset=UTF-8","ENV_LOCAL": "override","MEDIA_OVERLAY_URL": "/media-overlay","TOPIC_FACTS_DATA_URL": "/facts","ENV_DEV": "development","MEDIA_URL": "/media","TOPIC_MEDIA_PATH": "/images-videos","TOPIC_TOP_QUESTION_URL": "/question","PODCASTS_URL": "/podcasts","STAND_ALONE_VIDEO_URL": "/video","USER_PROFILE_URL": "/user","DEBUG_URL": "/debug","ONE_GOOD_FACT_URL": "/one-good-fact","MORE_ON_THIS_DAY_URL": "/more-on-this-day","ERROR_404_URL": "/error404","SEARCH_PAGE_URL": "/search","TOPIC_CONTENT_AJAX_URL": "/topic-content/topic","ENV_BRANCH": "branch","ERROR_URL": "/error","MAIN_VERSION": "mainVersion","TOPIC_QUOTES_PATH": "/quotes","DEFAULT_S3_REGION": "US_EAST_1","INSTANT_ARTICLES_URL": "/instant-articles","TOPIC_PAGE_CONTENT_AJAX_URL": "/topic-content/page","TOPIC_COLLECTION_URL": "/summary","LOGINBOX_URL": "/auth/loginbox","ONE_GOOD_FACT_BROWSE_URL": "/one-good-fact/all-good-facts","INFINITE_SCROLL_PREFIX_URL": "/scroll","QUIZ_BROWSE_URL": "/quiz/browse","CC_USD": "USD","domain": "britannica.com","BIO_BROWSE_URL": "/biographies","SURVEY_URL": "/survey","CATEGORY_BROWSE_URL": "/browse","LIST_URL": "/list","STORY_BROWSE_URL": "/stories","IN_THIS_WEEK_BROWSE_URL": "/week-in-review","COUNTRY_US": "US","ALPHA_BROWSE_URL": "/sitemap","CONTENT_TYPE_JSON": "application/json","OPEN_MEDIA_OVERLAY_PARAMETER": "/media","DICTIONARY_URL": "/dictionary","COBRAND_IMAGE_URL": "/image/cobrand","SUBMISSION_URL": "/submission","EB_LOG_OUT": "/auth2/logout","ENV_PRODUCTION": "production","NEWSLETTER_SUBSCRIPTION_URL": "/newsletter-subscription","INSIGHTS_LANDING_PAGE_URL_2": "/factsmatter","INSIGHTS_LANDING_PAGE_URL_1": "/insights","MAINTENANCE_ERROR_URL": "https://maintenance.eb.com","IMARS_EDITOR_ID": "12365882","TOPIC_AJAX_URL": "/ajax/topic","PROFILE_EB_EDITOR_URL": "/editor","WEB_INF_RESOURCES_PATH": "WEB-INF/resources","WTFACT_BROWSE_URL": "/stories/wtfact","TOPIC_ADDITIONAL_INFO_PATH": "/additional-info","VIDEO_CHANNEL_URL": "/videos","GALLERY_BROWSE_URL": "/gallery/browse","CACHE_URL": "/cache","CC_INR": "INR","ARTICLE_PRINT_URL": "/print/article","FIRST_EDITION_URL": "/subscriber/firstedition","WW1_PORTAL_URL": "/discover/World-War-I","MENDEL_COOKIE": "__mendel","DEMYSTIFIED_BROWSE_URL": "/stories/demystified","COMPANION_BROWSE_URL": "/stories/companion","MEDIA_FOLDER": "/eb-media","SHOW_ALL_CONTRIBUTORS": "/additional-info#contributors","LIST_BROWSE_URL": "/list/browse","PROFILE_EXPERT_URL": "/contributor","ASSEMBLY_IMAGE_URL": "/image/assembly","BRITANNICA_EDITORS_ID": "4419","EXPLORE_BROWSE": "/explore","DAY_IN_HISTORY_URL": "/on-this-day","DEFAULT_CURRENCY": "USD","CONTENT_TYPE_XML": "text/xml;charset=UTF-8","ENV_CACHE_DISABLED": "mendelCache","STORY_URL": "/story","DEFAULT_COUNTRY": "US","NAVBAR_URL": "/ajax/navbar","EB_LOGIN_URL": "/auth/eb-login","NEW_ARTICLES_URL": "/new-articles",};
    window.CDN = "https://cdn.britannica.com";
    window.CAM_LOGIN_URL = "https://cam.britannica.com";
    window.CAM_SIGN_UP_URL = "https://cam.britannica.com/registration"

    window.Mendel = {
     	"config" : {
            "domain": "britannica.com",
			"page": "Error",
			"videoPlayerId": "UyMCoK2v",
			"sharedUrl": "https://www.britannica.com/error404",
	        "resourcesPrefixUrl": "https://cdn.britannica.com/mendel-resources/3-72/[url]?v=3.72.17",
			"userInfo": { "type": "ANONYMOUS"
			             ,"currency": "USD"
			             ,"country": "US"
					     ,"state": "XX"
			             ,"bcomId": "1"
				         ,"hasAds": true
					     ,"testVersion": "A"
				         ,"privacyInfo": {"consentLocation":false,"gdpr":false,"ccpa":false,"needConsent":false}
						 ,"consumerId": ""
						 ,"instId": ""
						 ,"consumerUserName": ""
						 ,"instUserName": ""
						 ,"cognito": null
			},
			"isLoggedInAsUser": false,
			"analytics": {  "gaId": "UA-6636134-11" },
			"isPhone": false,
			"isDesktop": true,
			"logoutUrl": "/auth2/logout",
			"selfServiceUrl": "https://myaccount.britannica.com",
			"cdnUrl": "https://cdn.britannica.com",
	        "fetchOffset": 800,
			
			"mendelCookieName": "__mendel",
			"mendelCookie": {"pagesViewed":1,"surveyShown":true,"topicInitialSequence":0},
			

			"autocompleteToSearchPage": false,
            "isMendelAdsManager": false
		},
    };

	</script>

<link rel="preconnect" href="https://fonts.googleapis.com/">
<link rel="dns-prefetch" href="https://fonts.googleapis.com/" >
<link rel="stylesheet" href="https://fonts.googleapis.com/icon?family=Material+Icons">
<link href="https://cdn.britannica.com/mendel-resources/3-72/dist/vendor-bundle.css?v=3.72.17" rel="stylesheet" />
    <link href="https://cdn.britannica.com/mendel-resources/3-72/dist/mendel-css.css?v=3.72.17" rel="stylesheet" />
	<link href="https://cdn.britannica.com/mendel-resources/3-72/dist/error-page.css?v=3.72.17" rel="stylesheet" />

    <script type="text/javascript">
        

        if (self !== top) { top.location = self.location; }

        

        // if ('scrollRestoration' in history) { history.scrollRestoration = 'manual'; }
    </script>

    <script
        src="https://www.googleoptimize.com/optimize.js?id=OPT-TD96PKG"
        async
    ></script>
<script>
	            dataLayer = [];
            </script>
		   <script type="text/javascript">(function(w,d,s,l,i){w[l]=w[l]||[];w[l].push({'gtm.start':
		       new Date().getTime(),event:'gtm.js'});var f=d.getElementsByTagName(s)[0],
		       j=d.createElement(s),dl=l!='dataLayer'?'&l='+l:'';j.async=true;j.src=
		       '//www.googletagmanager.com/gtm.js?id='+i+dl;f.parentNode.insertBefore(j,f);
		   })(window,document,'script','dataLayer','GTM-5W6NC8');
		   </script>
		</head>

<body data-ads-manager="cafeMedia" data-leg="A" class="errorpage user-ANONYMOUS user-ads  md-desktop   leg-a">

    <script>
  (function (w, d) {
    w.adthrive = w.adthrive || {};
    w.adthrive.cmd = w.adthrive.cmd || [];
    w.adthrive.plugin = 'adthrive-ads-manual';
    w.adthrive.host = 'ads.adthrive.com';

    var s = d.createElement('script');
    s.async = true;
    s.referrerpolicy = 'no-referrer-when-downgrade';
    s.src = 'https://' + w.adthrive.host + '/sites/61575e5c934c481d714b3ca9/ads.min.js?referrer=' + w.encodeURIComponent(w.location.href) + '&cb=' + Math.floor(Math.random() * 100 + 1);
    var n = d.getElementsByTagName('script')[0];
    n.parentNode.insertBefore(s, n);
  })(window, document);
</script>
<script>
  window.adthrive.cmd.push(function () {
    const cam_targeting_values = [
      ...(document.body.classList || [])
    ];
    if (cam_targeting_values.length > 0) {
      window.adthrive.setTargeting({key: 'at_custom_1', value: cam_targeting_values.map(x => 'eb_' + x.toLowerCase().replace(/\s/g, ''))});
    }
  });
</script>








<script  id="json-navbar-info"  type="application/json">
{"extraLinks":[{"title":"Dictionary","url":"/dictionary"},{"title":"Quizzes","url":"/quiz/browse"},{"title":"Money","url":"/money"}],"featureLinks":[{"title":"On This Day in History","url":"/on-this-day","description":"What happened today in history?"},{"title":"Quizzes","url":"/quiz/browse","description":"Can you get to the top of the leaderboard?"},{"title":"Podcasts","url":"/podcasts","description":"Stay curious on the go."},{"title":"Dictionary","url":"/dictionary","description":"Clear and simple definitions from language experts."},{"title":"Biographies","url":"/biographies","description":"Explore extraordinary lives."},{"title":"Summaries","url":"/summary","description":"Summaries, quick-facts, and timelines on key topics."},{"title":"Top Questions","url":"/question","description":"Britannica’s Editors answer your top questions."},{"title":"Week In Review","url":"/week-in-review","description":"A weekly recap of key events and fun facts."},{"title":"Infographics","url":"https://www.britannica.com/study/infographics","description":"Explore the world through maps, charts, and graphs.","newTab":true},{"title":"Demystified","url":"/stories/demystified","description":"Insight into some of life's big mysteries."},{"title":"Lists","url":"/list/browse","description":"Find out what tops our Editors’ lists. "},{"title":"#WTFact","url":"/stories/wtfact","description":"Stories so weird you’ll exclaim: “What the Fact!”"},{"title":"Companions","url":"/stories/companion","description":"A more concise complement to our top articles."},{"title":"Image Galleries","url":"/gallery/browse","description":"Browse editorially curated collections."},{"title":"Spotlight","url":"/stories/spotlight","description":"Get more context behind trending news and events."},{"title":"The Forum","url":"/stories/the-forum","description":"Analysis, research, and ideas from leading experts."},{"title":"One Good Fact","url":"/one-good-fact","description":"Your daily source for fascinating facts."}],"featuredFeature":{"title":"Is Spontaneous Human Combustion Real?","url":"/story/is-spontaneous-human-combustion-real","description":"Demystified / Health & Medicine","image":{"id":0,"url":"/07/195407-131-BF6F47C2/Illustration-Spontaneous-human-combustion.jpg","altText":"Illustration for Demystified &quot;Spontaneous human combustion&quot;.","credit":"Encyclopædia Britannica, Inc./Patrick O'Neill Riley","fullUrl":"https://cdn.britannica.com/07/195407-131-BF6F47C2/Illustration-Spontaneous-human-combustion.jpg"}},"categoryLinks":[{"id":10000,"title":"Entertainment & Pop Culture","urlTitle":"Entertainment-Pop-Culture","description":"Entertainment and leisure activities have been a part of culture in one form or another since the ancient times. Dance performances, live music, and storytelling have a long tradition throughout history, even as the styles and available methods of delivery have shifted dramatically.","image":{"id":0,"url":"/04/167104-050-A0D0F726.jpg","altText":"Entertainment & Pop Culture","fullUrl":"https://cdn.britannica.com/04/167104-050-A0D0F726.jpg"}},{"id":5000,"title":"Geography & Travel","urlTitle":"Geography-Travel","description":"Planet Earth contains some extraordinarily diverse environments, some of which are easily habitable and some not so much. In different areas of Earth, one might find sweltering deserts, dense tropical rainforests, or bone-chilling tundras. Each biome and habitat comes with its own selection of flora and fauna, and it may include physical features such as canyons, volcanoes, rivers, or caves. Human beings have built homes in many different environments, settling the area and organizing it into units such as cities, states, regions, and countries, each with its own points of interest. Shifting trends in human migration have resulted in a human geography that is profoundly different from that of centuries ago.","image":{"id":0,"url":"/17/2317-050-758D0E55/World-map-descriptions-Herodotus-Black-Sea.jpg","altText":"Geography & Travel","fullUrl":"https://cdn.britannica.com/17/2317-050-758D0E55/World-map-descriptions-Herodotus-Black-Sea.jpg"}},{"id":3000,"title":"Health & Medicine","urlTitle":"Health-Medicine","description":"The study of the human mind and body, how these function, and how they interact—not only with each other but also with their environment—has been of utmost importance in ensuring human well-being. Research on potential treatments and preventive medicine has expanded greatly with the development of modern medicine, and a network of disciplines, including such fields as genetics, psychology, and nutrition, aims to facilitate the betterment of our health.","image":{"id":0,"url":"/07/192107-050-CE043374/anatomy-charts-human-body-muscle-systems-skeletal.jpg","altText":"Health & Medicine","fullUrl":"https://cdn.britannica.com/07/192107-050-CE043374/anatomy-charts-human-body-muscle-systems-skeletal.jpg"}},{"id":8000,"title":"Lifestyles & Social Issues","urlTitle":"Lifestyles-Social-Issues","description":"It's easy enough to agree that human beings all around the world have certain basic requirements that must be fulfilled in order to ensure their individual and collective well-being. History has shown us, however, that it's not so easy to form societies or communities that fulfill these requirements for all members. The fight for human and civil rights has persisted for hundreds of years and remains alive today, both within the borders of nations and on an international scale. It has led to large-scale social movements and reforms concerning issues such as suffrage, slavery, women's rights, racism, environmentalism, gay rights, and much more.","image":{"id":0,"url":"/11/195611-131-4DFC1336/Belgian-pride-parade-People-streets-flags-Brussels-2017.jpg","altText":"Lifestyles & Social Issues","fullUrl":"https://cdn.britannica.com/11/195611-131-4DFC1336/Belgian-pride-parade-People-streets-flags-Brussels-2017.jpg"}},{"id":12000,"title":"Literature","urlTitle":"Literature","description":"With the development of language, the human imagination has found a way to create and communicate through the written word. A literary work can transport us into a fictional, fantastic new world, describe a fleeting feeling, or simply give us a picture of the past through novels, poems, tragedies, epic works, and other genres. Through literature, communication becomes an art, and it can bridge and bond people and cultures of different languages and backgrounds.","image":{"id":0,"url":"/44/172844-131-9695C31F/word-communication-stress-accent-letters-syllable.jpg","altText":"Literature","fullUrl":"https://cdn.britannica.com/44/172844-131-9695C31F/word-communication-stress-accent-letters-syllable.jpg"}},{"id":7000,"title":"Philosophy & Religion","urlTitle":"Philosophy-Religion","description":"Humans have long pondered not only how we came to be but also why we came to be. The earliest Greek philosophers focused their attention upon the origin and nature of the physical world; later philosophers have theorized about the nature of knowledge, truth, good and evil, love, friendship, and much more. Philosophy involves a methodical assessment of any and all aspects of human existence and experience. The realms of philosophy and religion have sometimes intersected in conducting such inquiries as these. As with philosophy, the study of religion underscores how humankind has long speculated about its origins. The possibility of a higher being (or beings) to which livings things owe their existence has long captived human thought. Many religions also offer their own views on the nature of good and evil, and they may prescribe guidelines and judgment on different kinds of human behavior.","image":{"id":0,"url":"/95/180595-050-EDF2CA3A.jpg","altText":"Philosophy & Religion","fullUrl":"https://cdn.britannica.com/95/180595-050-EDF2CA3A.jpg"}},{"id":9000,"title":"Politics, Law & Government","urlTitle":"Politics-Law-Government","description":"The world today is divided territorially into more than 190 countries, each of which possesses a national government that claims to exercise sovereignty and seeks to compel obedience to its will by its citizens. Governments can be classified in any number of ways. For example, they might be classified by the number of rulers, thus distinguishing government by one (as in a monarchy or a tyranny) from government by the few (in an aristocracy or oligarchy) and from government by the many (as in a democracy). Governments can also be classified by mode of succession; for example, ascension to governmental leadership may follow the rules of hereditary succession, or it may be determined through elections or by force. Governments also vary in terms of the laws and rules of conduct that each political entity follows.","image":{"id":0,"url":"/22/99622-050-E70BCD0A/Parthenon-Athens.jpg","altText":"Politics, Law & Government","fullUrl":"https://cdn.britannica.com/22/99622-050-E70BCD0A/Parthenon-Athens.jpg"}},{"id":1000,"title":"Science","urlTitle":"Science","description":"How can the sky be blue one day and stormy the next? Why do heavy objects tend to fall downwards when dropped? How are birds able to fly (and why can’t I do the same?)? Human beings have long been curious about the world in which we live, striving to identify connections among the phenomenons we witness and to understand how it all works. The field of science has developed over many centuries as a way of studying and understanding the world, beginning with the primitive stage of simply noting important regularities in nature and continuing through the rise of modern science. The modern-day sciences cover a vast range of fields, including biology, chemistry, meteorology, astronomy, physics, and much more.","image":{"id":0,"url":"/86/193986-050-7B2DBB6A/ball-and-stick-model-structure-atoms.jpg","altText":"Science","fullUrl":"https://cdn.britannica.com/86/193986-050-7B2DBB6A/ball-and-stick-model-structure-atoms.jpg"}},{"id":4000,"title":"Sports & Recreation","urlTitle":"Sports-Recreation","description":"Physical contests and recreational games have long played a part in human society. In both team and solo sports, the human body has been pushed to its limits in the name of improving athletic performance and in order to break record upon record. The ancient Olympic Games are an early example of the contests in which humans have engaged to showcase physical prowess. In modern times, sports and games have evolved into a lucrative and competitive industry, while other leisure activities, such as card and video games, can be competitive or just serve as a way to unwind or socialize.","image":{"id":0,"url":"/13/170713-131-8D6B0AF7.jpg","altText":"Sports & Recreation","fullUrl":"https://cdn.britannica.com/13/170713-131-8D6B0AF7.jpg"}},{"id":2000,"title":"Technology","urlTitle":"Technology","description":"Humankind has long striven to improve its living conditions through the development of tools, instruments, and transportation and communications systems, all with the goal of making our lives easier, more productive and—why not?—more fun, too. Thanks to human curiosity and technological research, many significant inventions have been made throughout history that in turn made a difference in our daily lives.","image":{"id":0,"url":"/84/203584-131-357FBE7D/speed-internet-technology-background.jpg","altText":"Technology","fullUrl":"https://cdn.britannica.com/84/203584-131-357FBE7D/speed-internet-technology-background.jpg"}},{"id":11000,"title":"Visual Arts","urlTitle":"Visual-Arts","description":"These are the arts that meet the eye and evoke an emotion through an expression of skill and imagination. They include the most ancient forms, such as painting and drawing, and the arts that were born thanks to the development of technology, like sculpture, printmaking, photography, and installation art. Though beauty is in the eye of the beholder, different eras in art history have had their own principles to define beauty, from the richly ornamented taste of the Baroque to the simple utilitarian style of the Prairie School.","image":{"id":0,"url":"/45/24345-050-78FAA104.jpg","altText":"Visual Arts","fullUrl":"https://cdn.britannica.com/45/24345-050-78FAA104.jpg"}},{"id":6000,"title":"World History","urlTitle":"World-History","description":"Does history really repeat itself, or can we learn from the mistakes of those who came before us? History provides a chronological, statistical, and cultural record of the events, people, and movements that have made an impact on humankind and the world at large throughout the ages.","image":{"id":0,"url":"/05/84505-050-8BB58BE6/cave-art-Ennedi-Plateau-Chad.jpg","altText":"World History","fullUrl":"https://cdn.britannica.com/05/84505-050-8BB58BE6/cave-art-Ennedi-Plateau-Chad.jpg"}}],"featuredTopic":{"title":"scorpion","url":"/animal/scorpion","description":"Article / Science","image":{"id":98117,"url":"/24/92724-050-54648BED/Scorpion.jpg","altText":"scorpion","credit":"© Digital Vision/Getty Images","width":1568,"height":1600,"fullUrl":"https://cdn.britannica.com/24/92724-050-54648BED/Scorpion.jpg"}},"videoChannelsLinks":[{"title":"Britannica Classics","url":"/videos/britannica-classics","description":"Check out these retro videos from Encyclopedia Britannica’s archives."},{"title":"Britannica Explains","url":"/videos/explains","description":"In these videos, Britannica explains a variety of topics and answers frequently asked questions."},{"title":"Demystified Videos","url":"/videos/demystified","description":"In Demystified, Britannica has all the answers to your burning questions."},{"title":"#WTFact Videos","url":"/videos/wtfact","description":"In #WTFact Britannica shares some of the most bizarre facts we can find."},{"title":"This Time in History","url":"/videos/this-week-in-history","description":"In these videos, find out what happened this month (or any month!) in history."}],"newLinks":[{"title":"Student Portal","url":"/study/","description":"Britannica is the ultimate student resource for key school subjects like history, government, literature, and more.","newTab":true},{"title":"COVID-19 Portal","url":"/explore/savingearth/covid-19/","description":"While this global health crisis continues to evolve, it can be useful to look to past pandemics to better understand how to respond today.","newTab":true},{"title":"100 Women","url":"/explore/100women/","description":"Britannica celebrates the centennial of the Nineteenth Amendment, highlighting suffragists and history-making politicians.","newTab":true},{"title":"Britannica Beyond","url":"https://beyond.britannica.com","description":"We’ve created a new place where questions are at the center of learning. Go ahead. Ask. We won’t mind.","newTab":true},{"title":"Saving Earth","url":"/explore/savingearth/","description":"Britannica Presents Earth’s To-Do List for the 21st Century. Learn about the major environmental problems facing our planet and what can be done about them!","newTab":true},{"title":"SpaceNext50","url":"/explore/space/","description":"Britannica presents SpaceNext50,  From the race to the Moon to space stewardship, we explore a wide range of subjects that feed our curiosity about space!","newTab":true}]}
</script>

<header id="header" class="bg-navy-dark shadow-lg border-bottom border-black">
    <div class="grid gx-0 align-items-center">
        <div class="col-auto order-1 order-sm-0 d-none d-sm-block">
            <a href="/" class="mx-10 mx-sm-20 d-block">
                    






































<img loading="lazy" src="https://cdn.britannica.com/mendel/eb-logo/b-50-pb5.png" alt="Encyclopedia Britannica"  height="30" width="123"/>
</a></div>
        <div class="col-30 col-sm-auto order-0 order-sm-1">
            <button class="js-toggle js-toggle-hamburger btn btn-link link-white btn-sm rounded-0 px-10 px-md-15">
                <em class="material-icons inactive-icon" data-icon="menu"></em>
	<em class="material-icons active-icon" data-icon="close"></em>
	<span class="d-none d-sm-inline-block ml-5">Browse</span>
            </button>
            <button class="js-toggle js-toggle-search-flyout btn btn-link link-white btn-sm rounded-0 px-5 px-md-15">
                <em class="material-icons inactive-icon" data-icon="search"></em>
	<em class="material-icons active-icon" data-icon="close"></em>
	<span class="d-none d-sm-inline-block ml-5">Search</span>
            </button>
        </div>
        <div class="col d-none d-sm-flex align-items-center justify-content-md-start justify-content-end order-2">
            <a class="link-white font-14 ml-20 " href="/dictionary">
                    Dictionary</a>
            <a class="link-white font-14 ml-20 ml-md-35" href="/quiz/browse">
                    Quizzes</a>
            <a class="link-white font-14 ml-20 ml-md-35" href="/money">
                    Money</a>
            </div>
        <div class="col-35 d-sm-none text-center">
            <a href="/" class="d-block">
                    






































<img loading="lazy" src="https://cdn.britannica.com/mendel/eb-logo/b-50-pb5.png" alt="Encyclopedia Britannica"  height="29" width="119"/>
</a></div>
        <div class="col-35 col-sm-auto text-right order-3 mr-lg-15 align-items-center d-flex justify-content-end">
            <div class="d-none d-md-inline-block">
                        <SPAN class="marketing-HEADER_SUBSCRIPTION_DESKTOP2 marketing-content" data-marketing-id="HEADER_SUBSCRIPTION_DESKTOP2"><a href="https://premium.britannica.com/premium-membership/?utm_source=premium&utm_medium=global-nav&utm_campaign=evergreen" class="subscribe-link btn btn-sm btn-orange-dark py-5 mr-10" target="_blank" rel="noopener">
   Subscribe
</a></SPAN></div>
                    <div class="d-inline-block d-md-none">
                        <SPAN class="marketing-HEADER_SUBSCRIPTION_MOBILE marketing-content" data-marketing-id="HEADER_SUBSCRIPTION_MOBILE"><a href="https://premium.britannica.com/premium-membership/?utm_source=premium&utm_medium=global-nav-mobile&utm_campaign=evergreen" class="subscribe-link btn btn-xs btn-orange-dark p-5" target="_blank" rel="noopener">
   Subscribe
</a></SPAN></div>
                    <button class="js-toggle-user-dropdown js-toggle btn btn-sm btn-link link-white rounded-0 px-md-15 pl-10 pr-5">
                        <span class="d-none d-md-inline-block mr-5">Login</span>
                        <em class="material-icons d-inline-block d-md-none font-20" data-icon="account_circle"></em>
                        <em class="material-icons inactive-icon d-inline-block font-18" data-icon="keyboard_arrow_down"></em>
	<em class="material-icons active-icon d-inline-block font-18" data-icon="keyboard_arrow_up"></em>
	</button>
                </div>
    </div>
    <div id="global-nav-react">
        <ul class="d-none">
            <li><a href="/browse/Entertainment-Pop-Culture">Entertainment & Pop Culture</a></li>
            <li><a href="/browse/Geography-Travel">Geography & Travel</a></li>
            <li><a href="/browse/Health-Medicine">Health & Medicine</a></li>
            <li><a href="/browse/Lifestyles-Social-Issues">Lifestyles & Social Issues</a></li>
            <li><a href="/browse/Literature">Literature</a></li>
            <li><a href="/browse/Philosophy-Religion">Philosophy & Religion</a></li>
            <li><a href="/browse/Politics-Law-Government">Politics, Law & Government</a></li>
            <li><a href="/browse/Science">Science</a></li>
            <li><a href="/browse/Sports-Recreation">Sports & Recreation</a></li>
            <li><a href="/browse/Technology">Technology</a></li>
            <li><a href="/browse/Visual-Arts">Visual Arts</a></li>
            <li><a href="/browse/World-History">World History</a></li>
            </ul>
        <ul class="d-none">
            <li><a href="/on-this-day">On This Day in History</a></li>
            <li><a href="/quiz/browse">Quizzes</a></li>
            <li><a href="/podcasts">Podcasts</a></li>
            <li><a href="/dictionary">Dictionary</a></li>
            <li><a href="/biographies">Biographies</a></li>
            <li><a href="/summary">Summaries</a></li>
            <li><a href="/question">Top Questions</a></li>
            <li><a href="/week-in-review">Week In Review</a></li>
            <li><a href="https://www.britannica.com/study/infographics">Infographics</a></li>
            <li><a href="/stories/demystified">Demystified</a></li>
            <li><a href="/list/browse">Lists</a></li>
            <li><a href="/stories/wtfact">#WTFact</a></li>
            <li><a href="/stories/companion">Companions</a></li>
            <li><a href="/gallery/browse">Image Galleries</a></li>
            <li><a href="/stories/spotlight">Spotlight</a></li>
            <li><a href="/stories/the-forum">The Forum</a></li>
            <li><a href="/one-good-fact">One Good Fact</a></li>
            </ul>
        <ul class="d-none">
            <li><a href="/videos/Entertainment-Pop-Culture">Entertainment & Pop Culture</a></li>
            <li><a href="/videos/Geography-Travel">Geography & Travel</a></li>
            <li><a href="/videos/Health-Medicine">Health & Medicine</a></li>
            <li><a href="/videos/Lifestyles-Social-Issues">Lifestyles & Social Issues</a></li>
            <li><a href="/videos/Literature">Literature</a></li>
            <li><a href="/videos/Philosophy-Religion">Philosophy & Religion</a></li>
            <li><a href="/videos/Politics-Law-Government">Politics, Law & Government</a></li>
            <li><a href="/videos/Science">Science</a></li>
            <li><a href="/videos/Sports-Recreation">Sports & Recreation</a></li>
            <li><a href="/videos/Technology">Technology</a></li>
            <li><a href="/videos/Visual-Arts">Visual Arts</a></li>
            <li><a href="/videos/World-History">World History</a></li>
            </ul>
        <ul class="d-none">
            <li><a href="/videos/britannica-classics">Britannica Classics<br/>Check out these retro videos from Encyclopedia Britannica’s archives.</a></li>
            <li><a href="/videos/explains">Britannica Explains<br/>In these videos, Britannica explains a variety of topics and answers frequently asked questions.</a></li>
            <li><a href="/videos/demystified">Demystified Videos<br/>In Demystified, Britannica has all the answers to your burning questions.</a></li>
            <li><a href="/videos/wtfact">#WTFact Videos<br/>In #WTFact Britannica shares some of the most bizarre facts we can find.</a></li>
            <li><a href="/videos/this-week-in-history">This Time in History<br/>In these videos, find out what happened this month (or any month!) in history.</a></li>
            </ul>
	    <ul class="d-none">
		    <li><a href="/study/">Student Portal</a><br/>Britannica is the ultimate student resource for key school subjects like history, government, literature, and more.</li>
		    <li><a href="/explore/savingearth/covid-19/">COVID-19 Portal</a><br/>While this global health crisis continues to evolve, it can be useful to look to past pandemics to better understand how to respond today.</li>
		    <li><a href="/explore/100women/">100 Women</a><br/>Britannica celebrates the centennial of the Nineteenth Amendment, highlighting suffragists and history-making politicians.</li>
		    <li><a href="https://beyond.britannica.com">Britannica Beyond</a><br/>We’ve created a new place where questions are at the center of learning. Go ahead. Ask. We won’t mind.</li>
		    <li><a href="/explore/savingearth/">Saving Earth</a><br/>Britannica Presents Earth’s To-Do List for the 21st Century. Learn about the major environmental problems facing our planet and what can be done about them!</li>
		    <li><a href="/explore/space/">SpaceNext50</a><br/>Britannica presents SpaceNext50,  From the race to the Moon to space stewardship, we explore a wide range of subjects that feed our curiosity about space!</li>
		    </ul>
    </div>
</header>

<main>

	    <div class="md-page-wrapper">

	        <div id="content" class="md-content">

		        <div class="container">
				        <div id="errorpage-content">
            <h3>
                Page Not Found</h3>
        </div>

        <div class="md-error-search-box">
    <h4>We're sorry! This content is not available. Please visit the <a href="/">Britannica homepage</a> or use the search box below.</h4>
    <div class="md-search-box text-center">
    <form method="get" action="/search" id="error-search" class="md-search-form col-offset-16 col-66 d-flex align-items-center align-self-center">
    <div class="search-box position-relative col-100">
        <label class="sr-only" for="error-search-query">Search Britannica</label>
        <input name="query" id="error-search-query" placeholder="Search Britannica..." class="form-control form-control-lg search-query pr-50 shadow-sm"  maxlength="200" autocomplete="off"  aria-label="Search Britannica" />
        <button class="search-submit btn btn-link text-blue px-10 position-absolute top-0 right-0 h-100" type="submit" disabled>
            <span class="sr-only">Click here to search</span>
            <em class="material-icons" data-icon="search"></em>
        </button>
        </div>
</form>
</div>
</div><div class="md-error-engagement-strip pb-20">

<div class="md-error-engagement-box">
		<a href="/quiz/extreme-sports-quiz">
		










































    
    
    
        <img loading="lazy" src="https://cdn.britannica.com/37/218437-131-B5D9B078/Swimming-Ironman-triathalon-Frankfurt-Germany.jpg?w=225&h=120" alt="The start of the swimming phase of a ironman triathlon in Frankfurt, Germany. (extreme sports)"    />
    

<span>Extreme Sports Quiz</span>
		</a>
	</div>

<div class="md-error-engagement-box">
		<a href="/list/these-6-paintings-shine-a-light-on-berlins-past">
		










































    
    
    
        <img loading="lazy" src="https://cdn.britannica.com/77/221977-131-133FF3D4/panorama-skyline-Berlin-Germany-Berliner-Dome.jpg?w=225&h=120" alt="Panoramic view of the skyline of Berlin, Germany, with the famous Berliner Dome, river Spree and the Nicolai district during sunset time"    />
    

<span>These 6 Paintings Shine a Light on Berlin’s Past</span>
		</a>
	</div>

<div class="md-error-engagement-box">
		<a href="/story/what-causes-a-volcano-to-erupt">
		










































    
    
    
        <img loading="lazy" src="https://cdn.britannica.com/34/231234-131-60418155/volcanic-eruption-Antigua-Guatemala-volcano.jpg?w=225&h=120" alt="Volcanic eruption of a volcano near Antigua, Guatemala"    />
    

<span>What Causes a Volcano to Erupt?</span>
		</a>
	</div>

</div></div>
			        </div>
	    </div>
	</main>

    <div id="md-footer"></div> <footer class="md-footer footer-wrapper hide-on-edit">

    <div class="footer-bck">
        <DIV class="marketing-FOOTER_NEWSLETTER marketing-content" data-marketing-id="FOOTER_NEWSLETTER"><div class="md-footer-newsletter-form pt-10 mb-30 mx-15 mx-sm-120">
   <div class="font-18">
      <strong>History at your fingertips &ndash;</strong>
      Sign up here to see what happened On This Day, every day in your inbox!
   </div>
   <div class="p-30">
      <div class="newsletter-form-container">

    <form class="newsletter-form" method="post" action="/newsletter-subscription/EB_ON_THIS_DAY">

        <div class="form-group grid d-flex justify-content-center">
            <div class="col-sm-50 col-100">
                <label class="sr-only" for="enter-your-email">Enter your email</label>
                <input id="enter-your-email" type="email" name="email" class="form-control font-18 p-10" placeholder="Enter your email" pattern="[a-z0-9._%+-]+@[a-z0-9.-]+\.[a-z]{2,4}$" required>
            </div>
            <div class="col-sm-auto col-100 mt-5 mt-sm-0">
                <button type="submit" class="btn btn-outline-white" style="width: 100%; height:100%;">Subscribe</button>
            </div>
        </div>
        <div class="text-white pt-30 text-opacity">
            By signing up for this email, you are agreeing to news, offers, and information from Encyclopaedia Britannica.<br>
            Click here to view our <a class="link-white text-decoration-underline" href="https://corporate.britannica.com/privacy-policy" target="_blank" rel="noopener nofollow">Privacy Notice</a>. Easy unsubscribe links are provided in every email.
        </div>

        <input type="hidden" name="source" value="Footer" /><input type="hidden" name="campaign" value="Mendel" /><input type="hidden" name="medium" value="Box" /></form>

    <div class="md-subscribed hidden text-white">
       <div class="my-10">Thank you for subscribing!</div>
       <div>Be on the lookout for your Britannica newsletter to get trusted stories delivered right to your inbox.</div>
    </div>

</div>
   </div>
</div></DIV>










































    
        
    
    
    



    
    
    
        
    






<div class="md-social-toolbar-circle d-flex justify-content-center colored"
     data-value="connect"
     
     
>
    
        <div class="share-label text-uppercase hidden-xs">Stay Connected</div>
    
    
        <a class="social-icon facebook justify-content-center d-flex align-items-center align-self-center" data-provider="facebook" href="https://www.facebook.com/BRITANNICA/" target="_blank" rel="noopener"><span>Facebook</span></a>
    
    
        <a class="social-icon twitter justify-content-center d-flex align-items-center align-self-center" data-provider="twitter" href="https://twitter.com/britannica" target="_blank" rel="noopener"><span>Twitter</span></a>
    
    
        <a class="social-icon youtube justify-content-center d-flex align-items-center align-self-center" data-provider="youtube" href="https://www.youtube.com/c/encyclopaediabritannica" target="_blank" rel="noopener"><span>YouTube</span></a>
    
    
        <a class="social-icon instagram justify-content-center d-flex align-items-center align-self-center" data-provider="instagram" href="https://www.instagram.com/britannica/" target="_blank" rel="noopener"><span>Instagram</span></a>
    
    
        <a class="social-icon pinterest justify-content-center d-flex align-items-center align-self-center" data-provider="pinterest" href="https://www.pinterest.com/britannica/" target="_blank" rel="noopener">
            <svg height="30" width="30" viewBox="0 0 24 24" aria-hidden="true" aria-label="" role="img"><path d="M0 12c0 5.123 3.211 9.497 7.73 11.218-.11-.937-.227-2.482.025-3.566.217-.932 1.401-5.938 1.401-5.938s-.357-.715-.357-1.774c0-1.66.962-2.9 2.161-2.9 1.02 0 1.512.765 1.512 1.682 0 1.025-.653 2.557-.99 3.978-.281 1.189.597 2.159 1.769 2.159 2.123 0 3.756-2.239 3.756-5.471 0-2.861-2.056-4.86-4.991-4.86-3.398 0-5.393 2.549-5.393 5.184 0 1.027.395 2.127.889 2.726a.36.36 0 0 1 .083.343c-.091.378-.293 1.189-.332 1.355-.053.218-.173.265-.4.159-1.492-.694-2.424-2.875-2.424-4.627 0-3.769 2.737-7.229 7.892-7.229 4.144 0 7.365 2.953 7.365 6.899 0 4.117-2.595 7.431-6.199 7.431-1.211 0-2.348-.63-2.738-1.373 0 0-.599 2.282-.744 2.84-.282 1.084-1.064 2.456-1.549 3.235C9.584 23.815 10.77 24 12 24c6.627 0 12-5.373 12-12S18.627 0 12 0 0 5.373 0 12"></path></svg>
        </a>
    
    
</div>


<br/>
            <div class="container">
            <ul class="list-unstyled legal-links">
                <li><a href="https://corporate.britannica.com" rel="noopener" target="_blank">About Us & Legal Info</a></li>
                <li><a href="https://corporate.britannica.com/publishing-partner-program/" target="_blank" rel="noopener nofollow">Partner Program</a></li>
                <li><a href="https://corporate.britannica.com/contact/" target="_blank" rel="noopener nofollow">Contact Us</a></li>
                <li><a href="https://corporate.britannica.com/privacy-policy" target="_blank" rel="noopener nofollow">Privacy Notice</a></li>
                <li><a href="https://corporate.britannica.com/termsofuse.html" target="_blank" rel="noopener nofollow">Terms of Use</a></li>
                </ul>

            <div class="mt-20">&copy;2022 Encyclop&aelig;dia Britannica, Inc.</div>
        </div>

    </div>

</footer>

<noscript><iframe src="//www.googletagmanager.com/ns.html?id=GTM-5W6NC8" height="0" width="0" style="display:none;visibility:hidden"></iframe></noscript>
		<script type="text/javascript" id="_informizely_script_tag">
var IzWidget = IzWidget || {};
(function (d)
{ var scriptElement = d.createElement('script'); scriptElement.type = 'text/javascript'; scriptElement.async = true; scriptElement.src = "https://insitez.blob.core.windows.net/site/f780f33e-a610-4ac2-af81-3eb184037547.js"; var node = d.getElementById('_informizely_script_tag'); node.parentNode.insertBefore(scriptElement, node); }
)(document);
</script>

<script type="text/javascript">
        (function(e,t,n,s)
            {var c,o,i;e.SMCX=e.SMCX||[],t.getElementById(s)||(c=t.getElementsByTagName(n),o=c[c.length-1],i=t.createElement(n),i.type="text/javascript",i.async=!0,i.id=s,i.src=["https:"===location.protocol?"https://":"http://","widget.surveymonkey.com/collect/website/js/tRaiETqnLgj758hTBazgd380NA9UYiEqUYd33SpVRiauJ4ZxrqSo5dnN8yApqOUo.js"].join(""),o.parentNode.insertBefore(i,o))}
        )(window,document,"script","smcx-sdk");
    </script>









<script   class="marketing-page-info" type="application/json">
{"pageType":"Error","templateName":null,"pageNumber":1,"pagesTotal":1,"pageId":null,"pageLength":null,"initialLoad":true,"lastPageOfScroll":true}
</script>









<script   class="marketing-content-info" type="application/json">
[{"id":1012,"name":"SUBSCRIPTION_LINK_DESKTOP","selector":"#fake"}]
</script>

<script src="https://cdn.britannica.com/mendel-resources/3-72/js/libs/jquery-3.5.0.min.js?v=3.72.17"></script>
<script type="text/javascript" data-type="Init Mendel Code Splitting">
              (function() {
                $.ajax({
                  dataType: 'script',
                  cache: true,
                  url: 'https://cdn.britannica.com/mendel-resources/3-72/dist/error-page.js?v=3.72.17'
                });
              })();
            </script>
		<div id="bc-fixed-dialogue"></div>
<script defer src="https://static.cloudflareinsights.com/beacon.min.js/v652eace1692a40cfa3763df669d7439c1639079717194" integrity="sha512-Gi7xpJR8tSkrpF7aordPZQlW2DLtzUlZcumS8dMQjwDHEnw9I7ZLyiOj/6tZStRBGtGgN6ceN6cMH8z7etPGlw==" data-cf-beacon='{"rayId":"753d50ba781285d1","token":"5cc7d7124de641b181da990fc8c9a0b6","version":"2022.8.1","si":100}' crossorigin="anonymous"></script>
</body>
</html>
